arch,data,M,K,N,config,rel_fp,rel_nd,ulp_fp,ulp_nd,pct_bitwise_equal,max_ulp_diff,pct_nd_closer,pct_fp_closer,special_mismatch_fp,special_mismatch_nd,cfg_invariant_fp,cfg_invariant_nd
gfx1100,normal,4096,4096,1,fp_y2u2w16,2.418e-03,2.418e-03,0.2488,0.2488,100.000,0,0.000,0.000,0,0,1,1
gfx1100,normal,4096,4096,2,fp_y4u2w16,2.788e-03,2.788e-03,0.2526,0.2525,99.976,1,0.012,0.012,0,0,1,1
gfx1100,normal,4096,4096,3,fp_y4u2w16,3.227e-03,3.227e-03,0.2506,0.2507,99.984,2,0.008,0.008,0,0,1,1
gfx1100,normal,4096,4096,4,fp_y4u1w16,2.702e-03,2.702e-03,0.2506,0.2506,99.994,1,0.000,0.006,0,0,1,1
gfx1100,normal,4096,4096,5,fp_y4u2w16,2.639e-03,2.639e-03,0.2482,0.2482,99.990,1,0.005,0.005,0,0,1,1
gfx1100,normal,4096,12288,1,fp_y2u2w16,3.212e-03,3.212e-03,0.2451,0.2451,100.000,0,0.000,0.000,0,0,1,1
gfx1100,normal,4096,12288,2,fp_y4u2w16,2.050e-03,2.050e-03,0.2484,0.2485,99.988,1,0.000,0.012,0,0,1,1
gfx1100,normal,4096,12288,3,fp_y2u2w16,2.891e-03,2.891e-03,0.2538,0.2538,99.959,1,0.008,0.033,0,0,1,1
gfx1100,normal,4096,12288,4,fp_y2u2w16,2.941e-03,2.941e-03,0.2497,0.2497,99.969,1,0.000,0.031,0,0,1,1
gfx1100,normal,4096,12288,5,fp_y2u2w16,2.996e-03,2.996e-03,0.2508,0.2508,99.990,1,0.005,0.005,0,0,1,1
gfx1100,normal,12288,4096,1,fp_y2u2w16,2.505e-03,2.505e-03,0.2510,0.2510,99.984,1,0.000,0.016,0,0,1,1
gfx1100,normal,12288,4096,2,fp_y4u2w16,2.892e-03,2.892e-03,0.2505,0.2505,99.988,2,0.004,0.008,0,0,1,1
gfx1100,normal,12288,4096,3,fp_y4u2w16,2.977e-03,2.977e-03,0.2500,0.2500,99.989,1,0.000,0.011,0,0,1,1
gfx1100,normal,12288,4096,4,fp_y4u1w16,2.703e-03,2.703e-03,0.2507,0.2507,99.988,1,0.006,0.006,0,0,1,1
gfx1100,normal,12288,4096,5,fp_y4u2w16,2.745e-03,2.745e-03,0.2514,0.2514,99.982,1,0.008,0.010,0,0,1,1
gfx1100,normal,24576,4096,1,fp_y2u2w16,2.826e-03,2.826e-03,0.2475,0.2476,99.988,2,0.004,0.008,0,0,1,1
gfx1100,normal,24576,4096,2,fp_y4u2w16,2.942e-03,2.942e-03,0.2499,0.2499,99.984,1,0.010,0.006,0,0,1,1
gfx1100,normal,24576,4096,3,fp_y4u2w16,2.363e-03,2.363e-03,0.2502,0.2502,99.978,1,0.008,0.014,0,0,1,1
gfx1100,normal,24576,4096,4,fp_y4u1w16,2.293e-03,2.293e-03,0.2515,0.2515,99.975,12,0.004,0.021,0,0,1,1
gfx1100,normal,24576,4096,5,fp_y4u2w16,2.588e-03,2.588e-03,0.2491,0.2491,99.983,1,0.006,0.011,0,0,1,1
gfx1100,normal,2048,2048,1,fp_y2u2w16,2.515e-03,2.515e-03,0.2541,0.2541,100.000,0,0.000,0.000,0,0,1,1
gfx1100,normal,2048,2048,2,fp_y3u2w16,2.329e-03,2.329e-03,0.2503,0.2503,100.000,0,0.000,0.000,0,0,1,1
gfx1100,normal,2048,2048,3,fp_y3u2w16,2.250e-03,2.250e-03,0.2510,0.2510,99.967,1,0.016,0.016,0,0,1,1
gfx1100,normal,2048,2048,4,fp_y3u2w16,2.108e-03,2.108e-03,0.2468,0.2468,100.000,0,0.000,0.000,0,0,1,1
gfx1100,normal,2048,2048,5,fp_y3u2w16,2.393e-03,2.393e-03,0.2530,0.2530,99.990,1,0.000,0.010,0,0,1,1
gfx1100,normal,6144,2560,1,fp_y2u2w16,1.932e-03,1.932e-03,0.2490,0.2490,99.984,1,0.000,0.016,0,0,1,1
gfx1100,normal,6144,2560,2,fp_y4u2w16,1.910e-03,1.910e-03,0.2515,0.2514,99.984,2,0.008,0.008,0,0,1,1
gfx1100,normal,6144,2560,3,fp_y4u2w16,3.108e-03,3.108e-03,0.2501,0.2501,99.995,2,0.005,0.000,0,0,1,1
gfx1100,normal,6144,2560,4,fp_y4u1w16,3.268e-03,3.268e-03,0.2504,0.2504,99.988,1,0.008,0.004,0,0,1,1
gfx1100,normal,6144,2560,5,fp_y4u2w16,2.250e-03,2.250e-03,0.2516,0.2517,99.990,4,0.003,0.007,0,0,1,1
gfx1100,normal,248320,4096,1,fp_y2u2w16,2.524e-03,2.524e-03,0.2496,0.2496,99.984,1,0.008,0.008,0,0,1,1
gfx1100,normal,248320,4096,2,fp_y4u2w16,2.491e-03,2.491e-03,0.2501,0.2501,99.981,4,0.007,0.012,0,0,1,1
gfx1100,normal,248320,4096,3,fp_y4u2w16,2.547e-03,2.547e-03,0.2499,0.2499,99.984,64,0.007,0.010,0,0,1,1
gfx1100,normal,248320,4096,4,fp_y4u1w16,2.422e-03,2.422e-03,0.2498,0.2499,99.985,224,0.006,0.009,0,0,1,1
gfx1100,normal,248320,4096,5,fp_y4u2w16,2.467e-03,2.467e-03,0.2502,0.2501,99.983,128,0.007,0.010,0,0,1,1
gfx1100,outlier,4096,4096,1,fp_y2u2w16,1.915e-03,1.915e-03,0.2523,0.2524,99.927,1,0.000,0.073,0,0,1,1
gfx1100,outlier,4096,4096,2,fp_y4u2w16,2.464e-03,2.464e-03,0.2513,0.2513,99.976,1,0.012,0.012,0,0,1,1
gfx1100,outlier,4096,4096,3,fp_y4u2w16,2.195e-03,2.195e-03,0.2531,0.2531,99.984,1,0.008,0.008,0,0,1,1
gfx1100,outlier,4096,4096,4,fp_y4u1w16,2.034e-03,2.034e-03,0.2494,0.2493,99.957,1,0.012,0.031,0,0,1,1
gfx1100,outlier,4096,4096,5,fp_y4u2w16,3.391e-03,3.391e-03,0.2498,0.2499,99.980,2,0.000,0.020,0,0,1,1
gfx1100,outlier,4096,12288,1,fp_y2u2w16,2.887e-03,2.887e-03,0.2503,0.2501,99.951,1,0.024,0.024,0,0,1,1
gfx1100,outlier,4096,12288,2,fp_y4u2w16,3.093e-03,3.093e-03,0.2458,0.2458,99.915,1,0.024,0.061,0,0,1,1
gfx1100,outlier,4096,12288,3,fp_y2u2w16,2.937e-03,2.937e-03,0.2527,0.2536,99.894,6,0.024,0.081,0,0,1,1
gfx1100,outlier,4096,12288,4,fp_y2u2w16,2.381e-03,2.381e-03,0.2523,0.2523,99.945,1,0.006,0.049,0,0,1,1
gfx1100,outlier,4096,12288,5,fp_y2u2w16,2.560e-03,2.560e-03,0.2509,0.2511,99.893,2,0.015,0.093,0,0,1,1
gfx1100,outlier,12288,4096,1,fp_y2u2w16,2.704e-03,2.704e-03,0.2503,0.2503,99.992,1,0.000,0.008,0,0,1,1
gfx1100,outlier,12288,4096,2,fp_y4u2w16,2.262e-03,2.262e-03,0.2509,0.2509,99.984,1,0.004,0.012,0,0,1,1
gfx1100,outlier,12288,4096,3,fp_y4u2w16,2.030e-03,2.030e-03,0.2485,0.2485,99.984,1,0.000,0.016,0,0,1,1
gfx1100,outlier,12288,4096,4,fp_y4u1w16,2.465e-03,2.465e-03,0.2499,0.2499,99.972,1,0.008,0.020,0,0,1,1
gfx1100,outlier,12288,4096,5,fp_y4u2w16,2.041e-03,2.041e-03,0.2493,0.2494,99.966,2,0.013,0.021,0,0,1,1
gfx1100,outlier,24576,4096,1,fp_y2u2w16,2.145e-03,2.145e-03,0.2498,0.2498,99.988,1,0.004,0.008,0,0,1,1
gfx1100,outlier,24576,4096,2,fp_y4u2w16,2.244e-03,2.244e-03,0.2499,0.2499,99.986,1,0.006,0.008,0,0,1,1
gfx1100,outlier,24576,4096,3,fp_y4u2w16,1.960e-03,1.960e-03,0.2491,0.2491,99.973,2,0.011,0.016,0,0,1,1
gfx1100,outlier,24576,4096,4,fp_y4u1w16,1.798e-03,1.798e-03,0.2502,0.2503,99.978,8,0.010,0.012,0,0,1,1
gfx1100,outlier,24576,4096,5,fp_y4u2w16,1.994e-03,1.994e-03,0.2496,0.2496,99.970,4,0.009,0.021,0,0,1,1
gfx1100,outlier,2048,2048,1,fp_y2u2w16,2.806e-03,2.806e-03,0.2555,0.2555,100.000,0,0.000,0.000,0,0,1,1
gfx1100,outlier,2048,2048,2,fp_y3u2w16,2.098e-03,2.098e-03,0.2515,0.2515,100.000,0,0.000,0.000,0,0,1,1
gfx1100,outlier,2048,2048,3,fp_y3u2w16,3.076e-03,3.076e-03,0.2506,0.2506,99.951,1,0.016,0.033,0,0,1,1
gfx1100,outlier,2048,2048,4,fp_y3u2w16,1.646e-03,1.646e-03,0.2505,0.2507,99.988,8,0.000,0.012,0,0,1,1
gfx1100,outlier,2048,2048,5,fp_y3u2w16,2.561e-03,2.561e-03,0.2481,0.2481,100.000,0,0.000,0.000,0,0,1,1
gfx1100,outlier,6144,2560,1,fp_y2u2w16,2.315e-03,2.315e-03,0.2506,0.2506,99.984,1,0.000,0.016,0,0,1,1
gfx1100,outlier,6144,2560,2,fp_y4u2w16,2.935e-03,2.935e-03,0.2513,0.2513,99.976,1,0.000,0.024,0,0,1,1
gfx1100,outlier,6144,2560,3,fp_y4u2w16,2.983e-03,2.983e-03,0.2494,0.2494,99.984,1,0.000,0.016,0,0,1,1
gfx1100,outlier,6144,2560,4,fp_y4u1w16,2.868e-03,2.868e-03,0.2494,0.2493,99.984,4,0.008,0.008,0,0,1,1
gfx1100,outlier,6144,2560,5,fp_y4u2w16,2.670e-03,2.670e-03,0.2500,0.2497,99.980,9,0.010,0.010,0,0,1,1
gfx1100,outlier,248320,4096,1,fp_y2u2w16,3.042e-03,3.042e-03,0.2498,0.2500,99.972,28,0.010,0.018,0,0,1,1
gfx1100,outlier,248320,4096,2,fp_y4u2w16,2.017e-03,2.017e-03,0.2504,0.2504,99.974,10,0.008,0.017,0,0,1,1
gfx1100,outlier,248320,4096,3,fp_y4u2w16,2.674e-03,2.674e-03,0.2502,0.2502,99.974,16,0.009,0.016,0,0,1,1
gfx1100,outlier,248320,4096,4,fp_y4u1w16,3.465e-03,3.465e-03,0.2500,0.2501,99.972,28,0.010,0.017,0,0,1,1
gfx1100,outlier,248320,4096,5,fp_y4u2w16,1.848e-03,1.848e-03,0.2501,0.2503,99.971,152,0.010,0.019,0,0,1,1
gfx1100,cancel,4096,4096,1,fp_y2u2w16,2.377e-03,2.377e-03,0.2521,0.2585,98.364,4,0.000,1.636,0,0,1,1
gfx1100,cancel,4096,4096,2,fp_y4u2w16,3.202e-03,3.202e-03,0.2471,0.2674,98.328,56,0.000,1.672,0,0,1,1
gfx1100,cancel,4096,4096,3,fp_y4u2w16,3.288e-03,3.288e-03,0.2511,0.2627,98.258,28,0.000,1.742,0,0,1,1
gfx1100,cancel,4096,4096,4,fp_y4u1w16,3.088e-03,3.088e-03,0.2502,0.2644,98.480,44,0.000,1.520,0,0,1,1
gfx1100,cancel,4096,4096,5,fp_y4u2w16,3.164e-03,3.164e-03,0.2510,0.2651,98.340,54,0.010,1.650,0,0,1,1
gfx1100,cancel,4096,12288,1,fp_y2u2w16,3.111e-03,3.111e-03,0.2495,0.2667,97.412,19,0.000,2.588,0,0,1,1
gfx1100,cancel,4096,12288,2,fp_y4u2w16,1.925e-03,1.952e-03,0.2513,0.2885,97.632,206,0.000,2.368,0,0,1,1
gfx1100,cancel,4096,12288,3,fp_y2u2w16,2.255e-03,2.255e-03,0.2496,0.2707,97.640,22,0.000,2.360,0,0,1,1
gfx1100,cancel,4096,12288,4,fp_y2u2w16,1.726e-03,1.726e-03,0.2500,0.6686,97.699,26534,0.000,2.301,0,0,1,1
gfx1100,cancel,4096,12288,5,fp_y2u2w16,3.466e-03,3.488e-03,0.2497,0.2821,97.520,25898,0.000,2.480,0,0,1,1
gfx1100,cancel,12288,4096,1,fp_y2u2w16,2.633e-03,2.633e-03,0.2497,0.2708,98.315,159,0.000,1.685,0,0,1,1
gfx1100,cancel,12288,4096,2,fp_y4u2w16,2.392e-03,2.392e-03,0.2496,0.2625,98.332,62,0.000,1.668,0,0,1,1
gfx1100,cancel,12288,4096,3,fp_y4u2w16,3.024e-03,3.024e-03,0.2497,0.2614,98.456,132,0.000,1.541,0,0,1,1
gfx1100,cancel,12288,4096,4,fp_y4u1w16,2.980e-03,2.992e-03,0.2509,0.2642,98.287,116,0.000,1.713,0,0,1,1
gfx1100,cancel,12288,4096,5,fp_y4u2w16,2.825e-03,2.825e-03,0.2499,0.2623,98.374,116,0.000,1.626,0,0,1,1
gfx1100,cancel,2048,2048,1,fp_y2u2w16,2.397e-03,2.397e-03,0.2451,0.2718,97.949,15,0.000,2.051,0,0,1,1
gfx1100,cancel,2048,2048,2,fp_y3u2w16,2.363e-03,2.363e-03,0.2483,0.2514,98.706,3,0.000,1.294,0,0,1,1
gfx1100,cancel,2048,2048,3,fp_y3u2w16,2.189e-03,2.189e-03,0.2484,0.2560,98.714,9,0.000,1.286,0,0,1,1
gfx1100,cancel,2048,2048,4,fp_y3u2w16,2.046e-03,2.046e-03,0.2486,0.2531,98.840,5,0.000,1.160,0,0,1,1
gfx1100,cancel,2048,2048,5,fp_y3u2w16,2.152e-03,2.152e-03,0.2514,0.2652,98.799,158,0.000,1.201,0,0,1,1
gfx1100,cancel,6144,2560,1,fp_y2u2w16,2.010e-03,2.010e-03,0.2474,0.2689,98.844,100,0.000,1.156,0,0,1,1
gfx1100,cancel,6144,2560,2,fp_y4u2w16,1.723e-03,1.726e-03,0.2502,0.2561,98.649,7,0.000,1.351,0,0,1,1
gfx1100,cancel,6144,2560,3,fp_y4u2w16,1.932e-03,1.948e-03,0.2510,0.2568,98.676,9,0.005,1.318,0,0,1,1
gfx1100,cancel,6144,2560,4,fp_y4u1w16,1.684e-03,1.693e-03,0.2479,0.2560,98.804,63,0.000,1.196,0,0,1,1
gfx1100,cancel,6144,2560,5,fp_y4u2w16,2.287e-03,2.287e-03,0.2511,0.2713,98.581,147,0.007,1.413,0,0,1,1
gfx1100,tiny,4096,4096,1,fp_y2u2w16,1.877e-03,1.000e+00,0.2490,53.8703,0.439,261,0.000,99.292,0,0,1,1
gfx1100,tiny,4096,4096,2,fp_y4u2w16,2.347e-03,1.000e+00,0.2491,56.0433,0.269,271,0.000,99.536,0,0,0,1
gfx1100,tiny,4096,4096,3,fp_y4u2w16,3.052e-03,1.000e+00,0.2516,55.4874,0.301,271,0.000,99.349,0,0,1,1
gfx1100,tiny,4096,4096,4,fp_y4u1w16,2.733e-03,1.000e+00,0.2500,54.7317,0.323,270,0.000,99.414,0,0,0,1
gfx1100,tiny,4096,4096,5,fp_y4u2w16,2.584e-03,1.000e+00,0.2496,55.3068,0.298,284,0.000,99.438,0,0,0,1
gfx1100,tiny,4096,12288,1,fp_y2u2w16,2.525e-03,1.000e+00,0.2546,93.1521,0.122,387,0.000,99.756,0,0,1,1
gfx1100,tiny,4096,12288,2,fp_y4u2w16,2.094e-03,1.000e+00,0.2513,91.4105,0.171,365,0.000,99.707,0,0,0,1
gfx1100,tiny,4096,12288,3,fp_y2u2w16,2.162e-03,1.000e+00,0.2507,89.8721,0.203,359,0.000,99.618,0,0,1,1
gfx1100,tiny,4096,12288,4,fp_y2u2w16,1.984e-03,1.000e+00,0.2498,91.2181,0.153,380,0.000,99.677,0,0,1,1
gfx1100,tiny,4096,12288,5,fp_y2u2w16,2.183e-03,1.000e+00,0.2507,91.2690,0.161,357,0.000,99.678,0,0,1,1
gfx1100,tiny,12288,4096,1,fp_y2u2w16,3.517e-03,1.000e+00,0.2498,55.7057,0.269,265,0.000,99.495,0,0,1,1
gfx1100,tiny,12288,4096,2,fp_y4u2w16,3.211e-03,1.000e+00,0.2490,56.2929,0.293,280,0.000,99.418,0,0,0,1
gfx1100,tiny,12288,4096,3,fp_y4u2w16,2.886e-03,1.000e+00,0.2506,55.3544,0.266,283,0.000,99.441,0,0,0,1
gfx1100,tiny,12288,4096,4,fp_y4u1w16,3.374e-03,1.000e+00,0.2492,55.2271,0.301,276,0.000,99.428,0,0,0,1
gfx1100,tiny,12288,4096,5,fp_y4u2w16,2.977e-03,1.000e+00,0.2494,55.1557,0.298,272,0.000,99.435,0,0,0,1
gfx1100,tiny,2048,2048,1,fp_y2u2w16,2.672e-03,1.000e+00,0.2485,38.3183,0.391,187,0.000,99.170,0,0,1,1
gfx1100,tiny,2048,2048,2,fp_y3u2w16,2.750e-03,1.000e+00,0.2513,38.9416,0.342,182,0.000,99.146,0,0,1,1
gfx1100,tiny,2048,2048,3,fp_y3u2w16,2.910e-03,1.000e+00,0.2500,38.1052,0.309,172,0.000,99.202,0,0,1,1
gfx1100,tiny,2048,2048,4,fp_y3u2w16,2.337e-03,1.000e+00,0.2491,39.1972,0.342,214,0.000,99.292,0,0,1,1
gfx1100,tiny,2048,2048,5,fp_y3u2w16,2.280e-03,1.000e+00,0.2500,38.9517,0.352,219,0.000,99.219,0,0,1,1
gfx1100,tiny,6144,2560,1,fp_y2u2w16,2.300e-03,1.000e+00,0.2496,43.3822,0.277,217,0.000,99.414,0,0,1,1
gfx1100,tiny,6144,2560,2,fp_y4u2w16,2.205e-03,1.000e+00,0.2500,44.9243,0.439,227,0.000,99.186,0,0,0,1
gfx1100,tiny,6144,2560,3,fp_y4u2w16,2.124e-03,1.000e+00,0.2498,43.4018,0.336,235,0.000,99.246,0,0,0,1
gfx1100,tiny,6144,2560,4,fp_y4u1w16,2.040e-03,1.000e+00,0.2513,44.2488,0.334,256,0.000,99.280,0,0,0,1
gfx1100,tiny,6144,2560,5,fp_y4u2w16,2.231e-03,1.000e+00,0.2490,43.8745,0.332,224,0.000,99.333,0,0,1,1
gfx1100,huge,4096,4096,1,fp_y2u2w16,2.436e-03,2.436e-03,0.2528,0.2528,100.000,0,0.000,0.000,0,0,1,1
gfx1100,huge,4096,4096,2,fp_y4u2w16,2.496e-03,2.496e-03,0.2512,0.2512,99.988,1,0.000,0.012,0,0,1,1
gfx1100,huge,4096,4096,3,fp_y4u2w16,2.595e-03,2.595e-03,0.2487,0.2487,99.976,1,0.016,0.008,0,0,1,1
gfx1100,huge,4096,4096,4,fp_y4u1w16,2.704e-03,2.704e-03,0.2493,0.2496,99.951,8,0.006,0.043,0,0,1,1
gfx1100,huge,4096,4096,5,fp_y4u2w16,2.545e-03,2.545e-03,0.2482,0.2482,99.990,1,0.005,0.005,0,0,1,1
gfx1100,huge,4096,12288,1,fp_y2u2w16,1.745e-03,1.745e-03,0.2473,0.2473,99.976,1,0.024,0.000,1,1,1,1
gfx1100,huge,4096,12288,2,fp_y4u2w16,1.480e-03,1.480e-03,0.2496,0.2496,99.976,1,0.000,0.024,0,0,1,1
gfx1100,huge,4096,12288,3,fp_y2u2w16,1.617e-03,1.617e-03,0.2504,0.2503,99.976,1,0.016,0.008,0,0,1,1
gfx1100,huge,4096,12288,4,fp_y2u2w16,1.485e-03,1.485e-03,0.2503,0.2504,99.957,2,0.018,0.024,0,0,1,1
gfx1100,huge,4096,12288,5,fp_y2u2w16,1.475e-03,1.475e-03,0.2496,0.2495,99.971,1,0.029,0.000,2,2,1,1
gfx1100,huge,12288,4096,1,fp_y2u2w16,2.550e-03,2.550e-03,0.2497,0.2497,99.984,1,0.000,0.016,0,0,1,1
gfx1100,huge,12288,4096,2,fp_y4u2w16,2.475e-03,2.475e-03,0.2490,0.2490,99.980,1,0.012,0.008,0,0,1,1
gfx1100,huge,12288,4096,3,fp_y4u2w16,2.441e-03,2.441e-03,0.2497,0.2499,99.989,4,0.003,0.008,0,0,1,1
gfx1100,huge,12288,4096,4,fp_y4u1w16,2.266e-03,2.266e-03,0.2481,0.2481,99.988,1,0.000,0.012,0,0,1,1
gfx1100,huge,12288,4096,5,fp_y4u2w16,2.343e-03,2.343e-03,0.2502,0.2502,99.984,1,0.002,0.015,0,0,1,1
gfx1100,huge,2048,2048,1,fp_y2u2w16,2.298e-03,2.298e-03,0.2512,0.2512,99.902,1,0.098,0.000,0,0,1,1
gfx1100,huge,2048,2048,2,fp_y3u2w16,2.017e-03,2.017e-03,0.2522,0.2522,100.000,0,0.000,0.000,0,0,1,1
gfx1100,huge,2048,2048,3,fp_y3u2w16,2.437e-03,2.437e-03,0.2476,0.2476,100.000,0,0.000,0.000,0,0,1,1
gfx1100,huge,2048,2048,4,fp_y3u2w16,1.801e-03,1.801e-03,0.2497,0.2497,99.976,1,0.012,0.012,0,0,1,1
gfx1100,huge,2048,2048,5,fp_y3u2w16,2.854e-03,2.854e-03,0.2507,0.2505,99.980,2,0.020,0.000,0,0,1,1
gfx1100,huge,6144,2560,1,fp_y2u2w16,1.707e-03,1.707e-03,0.2473,0.2473,100.000,0,0.000,0.000,0,0,1,1
gfx1100,huge,6144,2560,2,fp_y4u2w16,3.213e-03,3.213e-03,0.2503,0.2504,99.976,2,0.000,0.024,0,0,1,1
gfx1100,huge,6144,2560,3,fp_y4u2w16,2.999e-03,2.999e-03,0.2519,0.2519,99.995,1,0.005,0.000,0,0,1,1
gfx1100,huge,6144,2560,4,fp_y4u1w16,3.185e-03,3.185e-03,0.2494,0.2494,99.988,1,0.004,0.008,0,0,1,1
gfx1100,huge,6144,2560,5,fp_y4u2w16,3.249e-03,3.249e-03,0.2493,0.2493,100.000,0,0.000,0.000,0,0,1,1
gfx1100,special,4096,4096,1,fp_y2u2w16,0.000e+00,0.000e+00,0.0000,0.0000,100.000,0,0.000,0.000,0,0,1,1
gfx1100,special,4096,4096,2,fp_y4u2w16,0.000e+00,0.000e+00,0.0000,0.0000,50.000,0,0.000,0.000,0,0,1,1
gfx1100,special,4096,4096,3,fp_y4u2w16,0.000e+00,0.000e+00,0.0000,0.0000,66.667,0,0.000,0.000,0,0,1,1
gfx1100,special,4096,4096,4,fp_y4u1w16,2.601e-03,2.601e-03,0.2497,0.2497,75.000,0,0.000,0.000,0,0,1,1
gfx1100,special,4096,4096,5,fp_y4u2w16,2.997e-03,2.997e-03,0.2492,0.2493,79.985,1,0.005,0.010,0,0,1,1
gfx1100,special,4096,12288,1,fp_y2u2w16,0.000e+00,0.000e+00,0.0000,0.0000,100.000,0,0.000,0.000,0,0,1,1
gfx1100,special,4096,12288,2,fp_y4u2w16,0.000e+00,0.000e+00,0.0000,0.0000,50.000,0,0.000,0.000,0,0,1,1
gfx1100,special,4096,12288,3,fp_y2u2w16,0.000e+00,0.000e+00,0.0000,0.0000,66.667,0,0.000,0.000,0,0,1,1
gfx1100,special,4096,12288,4,fp_y2u2w16,3.029e-03,3.029e-03,0.2554,0.2560,74.982,5,0.006,0.012,0,0,1,1
gfx1100,special,4096,12288,5,fp_y2u2w16,1.986e-03,1.986e-03,0.2517,0.2517,79.995,1,0.000,0.005,0,0,1,1
gfx1100,special,12288,4096,1,fp_y2u2w16,0.000e+00,0.000e+00,0.0000,0.0000,100.000,0,0.000,0.000,0,0,1,1
gfx1100,special,12288,4096,2,fp_y4u2w16,0.000e+00,0.000e+00,0.0000,0.0000,50.000,0,0.000,0.000,0,0,1,1
gfx1100,special,12288,4096,3,fp_y4u2w16,0.000e+00,0.000e+00,0.0000,0.0000,66.667,0,0.000,0.000,0,0,1,1
gfx1100,special,12288,4096,4,fp_y4u1w16,3.331e-03,3.331e-03,0.2499,0.2499,74.998,1,0.002,0.000,0,0,1,1
gfx1100,special,12288,4096,5,fp_y4u2w16,2.762e-03,2.762e-03,0.2490,0.2490,79.992,1,0.003,0.005,0,0,1,1
gfx1100,special,2048,2048,1,fp_y2u2w16,0.000e+00,0.000e+00,0.0000,0.0000,100.000,0,0.000,0.000,0,0,1,1
gfx1100,special,2048,2048,2,fp_y3u2w16,0.000e+00,0.000e+00,0.0000,0.0000,50.000,0,0.000,0.000,0,0,1,1
gfx1100,special,2048,2048,3,fp_y3u2w16,0.000e+00,0.000e+00,0.0000,0.0000,66.667,0,0.000,0.000,0,0,1,1
gfx1100,special,2048,2048,4,fp_y3u2w16,2.952e-03,2.952e-03,0.2504,0.2504,75.000,0,0.000,0.000,0,0,1,1
gfx1100,special,2048,2048,5,fp_y3u2w16,2.273e-03,2.273e-03,0.2493,0.2493,80.000,0,0.000,0.000,0,0,1,1
gfx1100,special,6144,2560,1,fp_y2u2w16,0.000e+00,0.000e+00,0.0000,0.0000,100.000,0,0.000,0.000,0,0,1,1
gfx1100,special,6144,2560,2,fp_y4u2w16,0.000e+00,0.000e+00,0.0000,0.0000,50.000,0,0.000,0.000,0,0,1,1
gfx1100,special,6144,2560,3,fp_y4u2w16,0.000e+00,0.000e+00,0.0000,0.0000,66.667,0,0.000,0.000,0,0,1,1
gfx1100,special,6144,2560,4,fp_y4u1w16,2.107e-03,2.107e-03,0.2525,0.2525,75.000,0,0.000,0.000,0,0,1,1
gfx1100,special,6144,2560,5,fp_y4u2w16,1.936e-03,1.936e-03,0.2499,0.2499,79.997,1,0.003,0.000,0,0,1,1
gfx1100,real:lm_head,248320,4096,1,fp_y2u2w16,2.862e-03,2.862e-03,0.2503,0.2503,99.971,8,0.010,0.019,0,0,1,1
gfx1100,real:lm_head,248320,4096,2,fp_y4u2w16,2.644e-03,2.644e-03,0.2499,0.2499,99.977,64,0.007,0.016,0,0,1,1
gfx1100,real:lm_head,248320,4096,3,fp_y4u2w16,3.052e-03,3.052e-03,0.2497,0.2497,99.977,34,0.008,0.015,0,0,1,1
gfx1100,real:lm_head,248320,4096,4,fp_y4u1w16,2.133e-03,2.133e-03,0.2500,0.2501,99.976,60,0.007,0.017,0,0,1,1
gfx1100,real:lm_head,248320,4096,5,fp_y4u2w16,3.369e-03,3.369e-03,0.2498,0.2499,99.974,36,0.008,0.019,0,0,1,1
gfx1100,real:mlp.down_proj,4096,12288,1,fp_y2u2w16,2.549e-03,2.549e-03,0.2468,0.2470,99.878,1,0.049,0.073,0,0,1,1
gfx1100,real:mlp.down_proj,4096,12288,2,fp_y4u2w16,2.364e-03,2.364e-03,0.2495,0.2494,99.927,1,0.024,0.049,0,0,1,1
gfx1100,real:mlp.down_proj,4096,12288,3,fp_y2u2w16,2.460e-03,2.460e-03,0.2495,0.2495,99.919,2,0.008,0.073,0,0,1,1
gfx1100,real:mlp.down_proj,4096,12288,4,fp_y2u2w16,2.051e-03,2.051e-03,0.2509,0.2509,99.951,1,0.006,0.043,0,0,1,1
gfx1100,real:mlp.down_proj,4096,12288,5,fp_y2u2w16,2.697e-03,2.697e-03,0.2479,0.2481,99.893,2,0.024,0.083,0,0,1,1
gfx1100,real:mlp.gate_proj,12288,4096,1,fp_y2u2w16,2.409e-03,2.409e-03,0.2494,0.2494,99.976,1,0.008,0.016,0,0,1,1
gfx1100,real:mlp.gate_proj,12288,4096,2,fp_y4u2w16,1.971e-03,1.971e-03,0.2507,0.2507,99.963,2,0.016,0.020,0,0,1,1
gfx1100,real:mlp.gate_proj,12288,4096,3,fp_y4u2w16,1.891e-03,1.891e-03,0.2492,0.2492,99.976,1,0.005,0.019,0,0,1,1
gfx1100,real:mlp.gate_proj,12288,4096,4,fp_y4u1w16,3.660e-03,3.660e-03,0.2504,0.2505,99.976,1,0.006,0.018,0,0,1,1
gfx1100,real:mlp.gate_proj,12288,4096,5,fp_y4u2w16,2.383e-03,2.383e-03,0.2500,0.2502,99.979,8,0.002,0.020,0,0,1,1
gfx1100,real:mlp.up_proj,12288,4096,1,fp_y2u2w16,2.688e-03,2.688e-03,0.2474,0.2474,99.976,1,0.016,0.008,0,0,1,1
gfx1100,real:mlp.up_proj,12288,4096,2,fp_y4u2w16,2.051e-03,2.051e-03,0.2481,0.2484,99.972,5,0.008,0.020,0,0,1,1
gfx1100,real:mlp.up_proj,12288,4096,3,fp_y4u2w16,2.092e-03,2.092e-03,0.2506,0.2506,99.973,1,0.008,0.019,0,0,1,1
gfx1100,real:mlp.up_proj,12288,4096,4,fp_y4u1w16,1.986e-03,1.986e-03,0.2514,0.2508,99.972,64,0.012,0.016,0,0,1,1
gfx1100,real:mlp.up_proj,12288,4096,5,fp_y4u2w16,1.770e-03,1.770e-03,0.2508,0.2510,99.967,8,0.007,0.026,0,0,1,1
gfx1100,real:self_attn.o_proj,4096,4096,1,fp_y2u2w16,8.880e-04,8.880e-04,0.2500,0.2500,100.000,0,0.000,0.000,0,0,1,1
gfx1100,real:self_attn.o_proj,4096,4096,2,fp_y4u2w16,2.366e-03,2.366e-03,0.2506,0.2506,100.000,0,0.000,0.000,0,0,1,1
gfx1100,real:self_attn.o_proj,4096,4096,3,fp_y4u2w16,2.735e-03,2.735e-03,0.2489,0.2489,99.976,1,0.008,0.016,0,0,1,1
gfx1100,real:self_attn.o_proj,4096,4096,4,fp_y4u1w16,2.063e-03,2.063e-03,0.2505,0.2505,99.976,1,0.012,0.012,0,0,1,1
gfx1100,real:self_attn.o_proj,4096,4096,5,fp_y4u2w16,1.561e-03,1.561e-03,0.2497,0.2497,99.990,1,0.000,0.010,0,0,1,1
gfx1100,real:self_attn.q_proj,8192,4096,1,fp_y2u2w16,1.969e-03,1.969e-03,0.2522,0.2525,99.939,2,0.000,0.061,0,0,1,1
gfx1100,real:self_attn.q_proj,8192,4096,2,fp_y4u2w16,2.115e-03,2.114e-03,0.2493,0.2493,99.963,1,0.006,0.031,0,0,1,1
gfx1100,real:self_attn.q_proj,8192,4096,3,fp_y4u2w16,1.771e-03,1.771e-03,0.2500,0.2500,99.980,1,0.016,0.004,0,0,1,1
gfx1100,real:self_attn.q_proj,8192,4096,4,fp_y4u1w16,3.137e-03,3.137e-03,0.2486,0.2487,99.973,1,0.000,0.027,0,0,1,1
gfx1100,real:self_attn.q_proj,8192,4096,5,fp_y4u2w16,1.853e-03,1.853e-03,0.2503,0.2506,99.966,16,0.010,0.024,0,0,1,1
