arch,N,M,K,calls,variant,dot,ytile,unrl,waves,kernel,is_vllm_default,us,gbps,max_rel_err
gfx1100,4,1024,1024,1,fp_y2u2w16,0,2,2,16,sml,1,7.04,297.9,2.52e-03
gfx1100,4,1024,1024,1,nd_y2u2w16,1,2,2,16,sml,0,6.93,302.7,2.52e-03
gfx1100,4,2048,1024,1,fp_y3u2w16,0,3,2,16,hf,1,10.76,389.7,2.40e-03
gfx1100,4,2048,1024,1,nd_y3u2w16,1,3,2,16,hf,0,10.49,399.7,2.40e-03
gfx1100,4,4096,1024,1,fp_y4u1w16,0,4,1,16,sml,1,16.07,522.2,2.41e-03
gfx1100,4,4096,1024,1,nd_y4u1w16,1,4,1,16,sml,0,15.97,525.2,2.41e-03
gfx1100,4,6144,1024,1,fp_y4u1w16,0,4,1,16,sml,1,21.95,573.3,2.27e-03
gfx1100,4,6144,1024,1,nd_y4u1w16,1,4,1,16,sml,0,21.79,577.5,2.27e-03
gfx1100,4,8192,1024,1,fp_y4u1w16,0,4,1,16,sml,1,27.91,601.0,2.27e-03
gfx1100,4,8192,1024,1,nd_y4u1w16,1,4,1,16,sml,0,27.68,606.1,2.27e-03
gfx1100,4,12288,1024,1,fp_y4u1w16,0,4,1,16,sml,1,39.58,635.9,2.15e-03
gfx1100,4,12288,1024,1,nd_y4u1w16,1,4,1,16,sml,0,39.27,640.8,2.15e-03
gfx1100,4,16384,1024,1,fp_y4u1w16,0,4,1,16,sml,1,51.42,652.5,2.04e-03
gfx1100,4,16384,1024,1,nd_y4u1w16,1,4,1,16,sml,0,51.03,657.6,2.04e-03
gfx1100,4,28672,1024,1,fp_y4u1w16,0,4,1,16,sml,1,90.51,648.8,2.04e-03
gfx1100,4,28672,1024,1,nd_y4u1w16,1,4,1,16,sml,0,89.93,652.9,2.04e-03
gfx1100,4,65536,1024,1,fp_y4u1w16,0,4,1,16,sml,1,197.09,681.0,1.70e-03
gfx1100,4,65536,1024,1,nd_y4u1w16,1,4,1,16,sml,0,195.57,686.3,1.70e-03
gfx1100,4,151936,1024,1,fp_y4u1w16,0,4,1,16,sml,1,446.49,696.9,1.70e-03
gfx1100,4,151936,1024,1,nd_y4u1w16,1,4,1,16,sml,0,443.80,701.1,1.70e-03
gfx1100,4,1024,1536,1,fp_y2u2w16,0,2,2,16,sml,1,9.85,319.4,2.17e-03
gfx1100,4,1024,1536,1,nd_y2u2w16,1,2,2,16,sml,0,8.93,352.2,2.17e-03
gfx1100,4,2048,1536,1,fp_y3u2w16,0,3,2,16,hf,1,14.13,445.1,3.12e-03
gfx1100,4,2048,1536,1,nd_y3u2w16,1,3,2,16,hf,0,13.78,456.5,3.12e-03
gfx1100,4,4096,1536,1,fp_y4u1w16,0,4,1,16,sml,1,24.76,508.2,2.75e-03
gfx1100,4,4096,1536,1,nd_y4u1w16,1,4,1,16,sml,0,24.33,517.1,2.75e-03
gfx1100,4,6144,1536,1,fp_y4u1w16,0,4,1,16,sml,1,34.87,541.2,2.75e-03
gfx1100,4,6144,1536,1,nd_y4u1w16,1,4,1,16,sml,0,34.42,548.4,2.75e-03
gfx1100,4,8192,1536,1,fp_y4u1w16,0,4,1,16,sml,1,43.60,577.3,2.75e-03
gfx1100,4,8192,1536,1,nd_y4u1w16,1,4,1,16,sml,0,42.93,586.2,2.75e-03
gfx1100,4,12288,1536,1,fp_y4u1w16,0,4,1,16,sml,1,61.42,614.6,2.75e-03
gfx1100,4,12288,1536,1,nd_y4u1w16,1,4,1,16,sml,0,60.69,622.0,2.75e-03
gfx1100,4,16384,1536,1,fp_y4u1w16,0,4,1,16,sml,1,82.60,609.4,2.75e-03
gfx1100,4,16384,1536,1,nd_y4u1w16,1,4,1,16,sml,0,81.54,617.3,2.75e-03
gfx1100,4,28672,1536,1,fp_y4u1w16,0,4,1,16,sml,1,134.00,657.3,2.87e-03
gfx1100,4,28672,1536,1,nd_y4u1w16,1,4,1,16,sml,0,133.03,662.1,2.87e-03
gfx1100,4,65536,1536,1,fp_y4u1w16,0,4,1,16,sml,1,293.62,685.7,3.03e-03
gfx1100,4,65536,1536,1,nd_y4u1w16,1,4,1,16,sml,0,290.77,692.4,3.03e-03
gfx1100,4,151936,1536,1,fp_y4u1w16,0,4,1,16,sml,1,674.73,691.8,3.03e-03
gfx1100,4,151936,1536,1,nd_y4u1w16,1,4,1,16,sml,0,669.27,697.4,3.03e-03
gfx1100,4,1024,2048,1,fp_y2u2w16,0,2,2,16,sml,1,11.54,363.5,2.88e-03
gfx1100,4,1024,2048,1,nd_y2u2w16,1,2,2,16,sml,0,11.37,368.8,2.88e-03
gfx1100,4,2048,2048,1,fp_y3u2w16,0,3,2,16,hf,1,16.51,508.0,3.47e-03
gfx1100,4,2048,2048,1,nd_y3u2w16,1,3,2,16,hf,0,16.26,515.9,3.47e-03
gfx1100,4,4096,2048,1,fp_y4u1w16,0,4,1,16,sml,1,27.83,602.8,3.31e-03
gfx1100,4,4096,2048,1,nd_y4u1w16,1,4,1,16,sml,0,27.64,607.1,3.31e-03
gfx1100,4,6144,2048,1,fp_y4u1w16,0,4,1,16,sml,1,39.58,635.9,3.31e-03
gfx1100,4,6144,2048,1,nd_y4u1w16,1,4,1,16,sml,0,39.28,640.7,3.31e-03
gfx1100,4,8192,2048,1,fp_y4u1w16,0,4,1,16,sml,1,51.46,652.0,3.31e-03
gfx1100,4,8192,2048,1,nd_y4u1w16,1,4,1,16,sml,0,51.06,657.2,3.31e-03
gfx1100,4,12288,2048,1,fp_y4u1w16,0,4,1,16,sml,1,78.59,640.4,2.83e-03
gfx1100,4,12288,2048,1,nd_y4u1w16,1,4,1,16,sml,0,78.11,644.4,2.83e-03
gfx1100,4,16384,2048,1,fp_y4u1w16,0,4,1,16,sml,1,102.05,657.6,2.83e-03
gfx1100,4,16384,2048,1,nd_y4u1w16,1,4,1,16,sml,0,101.51,661.1,2.83e-03
gfx1100,4,28672,2048,1,fp_y4u1w16,0,4,1,16,sml,1,171.36,685.4,2.83e-03
gfx1100,4,28672,2048,1,nd_y4u1w16,1,4,1,16,sml,0,170.74,687.9,2.83e-03
gfx1100,4,65536,2048,1,fp_y4u1w16,0,4,1,16,sml,1,385.46,696.4,2.69e-03
gfx1100,4,65536,2048,1,nd_y4u1w16,1,4,1,16,sml,0,382.62,701.6,2.69e-03
gfx1100,4,151936,2048,1,fp_y4u1w16,0,4,1,16,sml,1,893.94,696.2,2.43e-03
gfx1100,4,151936,2048,1,nd_y4u1w16,1,4,1,16,sml,0,888.79,700.2,2.43e-03
gfx1100,4,1024,2560,1,fp_y2u2w16,0,2,2,16,sml,1,13.26,395.4,2.93e-03
gfx1100,4,1024,2560,1,nd_y2u2w16,1,2,2,16,sml,0,13.12,399.7,2.93e-03
gfx1100,4,2048,2560,1,fp_y3u2w16,0,3,2,16,hf,1,19.40,540.5,2.93e-03
gfx1100,4,2048,2560,1,nd_y3u2w16,1,3,2,16,hf,0,19.07,549.7,2.93e-03
gfx1100,4,4096,2560,1,fp_y4u1w16,0,4,1,16,sml,1,34.34,610.8,2.80e-03
gfx1100,4,4096,2560,1,nd_y4u1w16,1,4,1,16,sml,0,34.05,615.8,2.80e-03
gfx1100,4,6144,2560,1,fp_y4u1w16,0,4,1,16,sml,1,49.06,641.3,2.80e-03
gfx1100,4,6144,2560,1,nd_y4u1w16,1,4,1,16,sml,0,48.64,646.7,2.80e-03
gfx1100,4,8192,2560,1,fp_y4u1w16,0,4,1,16,sml,1,63.66,658.8,2.80e-03
gfx1100,4,8192,2560,1,nd_y4u1w16,1,4,1,16,sml,0,63.10,664.7,2.80e-03
gfx1100,4,12288,2560,1,fp_y4u1w16,0,4,1,16,sml,1,95.97,655.6,2.80e-03
gfx1100,4,12288,2560,1,nd_y4u1w16,1,4,1,16,sml,0,95.43,659.3,2.80e-03
gfx1100,4,16384,2560,1,fp_y4u1w16,0,4,1,16,sml,1,125.19,670.1,2.81e-03
gfx1100,4,16384,2560,1,nd_y4u1w16,1,4,1,16,sml,0,124.52,673.7,2.81e-03
gfx1100,4,28672,2560,1,fp_y4u1w16,0,4,1,16,sml,1,210.68,696.8,2.65e-03
gfx1100,4,28672,2560,1,nd_y4u1w16,1,4,1,16,sml,0,209.92,699.3,2.65e-03
gfx1100,4,65536,2560,1,fp_y4u1w16,0,4,1,16,sml,1,471.61,711.5,2.52e-03
gfx1100,4,65536,2560,1,nd_y4u1w16,1,4,1,16,sml,0,469.17,715.2,2.52e-03
gfx1100,4,151936,2560,1,fp_y4u1w16,0,4,1,16,sml,1,1094.74,710.6,2.35e-03
gfx1100,4,151936,2560,1,nd_y4u1w16,1,4,1,16,sml,0,1089.29,714.1,2.35e-03
gfx1100,4,1024,3072,1,fp_y2u2w16,0,2,2,16,sml,1,15.36,409.6,2.91e-03
gfx1100,4,1024,3072,1,nd_y2u2w16,1,2,2,16,sml,0,15.13,415.8,2.91e-03
gfx1100,4,2048,3072,1,fp_y3u2w16,0,3,2,16,hf,1,22.56,557.7,2.91e-03
gfx1100,4,2048,3072,1,nd_y3u2w16,1,3,2,16,hf,0,22.28,564.8,2.91e-03
gfx1100,4,4096,3072,1,fp_y4u1w16,0,4,1,16,sml,1,39.64,634.8,2.91e-03
gfx1100,4,4096,3072,1,nd_y4u1w16,1,4,1,16,sml,0,39.43,638.3,2.91e-03
gfx1100,4,6144,3072,1,fp_y4u1w16,0,4,1,16,sml,1,57.12,660.9,2.63e-03
gfx1100,4,6144,3072,1,nd_y4u1w16,1,4,1,16,sml,0,56.91,663.3,2.63e-03
gfx1100,4,8192,3072,1,fp_y4u1w16,0,4,1,16,sml,1,78.83,638.5,2.63e-03
gfx1100,4,8192,3072,1,nd_y4u1w16,1,4,1,16,sml,0,78.44,641.6,2.63e-03
gfx1100,4,12288,3072,1,fp_y4u1w16,0,4,1,16,sml,1,113.51,665.1,2.63e-03
gfx1100,4,12288,3072,1,nd_y4u1w16,1,4,1,16,sml,0,113.23,666.8,2.63e-03
gfx1100,4,16384,3072,1,fp_y4u1w16,0,4,1,16,sml,1,148.73,676.8,2.52e-03
gfx1100,4,16384,3072,1,nd_y4u1w16,1,4,1,16,sml,0,148.22,679.1,2.52e-03
gfx1100,4,28672,3072,1,fp_y4u1w16,0,4,1,16,sml,1,253.05,696.2,2.46e-03
gfx1100,4,28672,3072,1,nd_y4u1w16,1,4,1,16,sml,0,252.50,697.7,2.46e-03
gfx1100,4,65536,3072,1,fp_y4u1w16,0,4,1,16,sml,1,578.97,695.5,2.40e-03
gfx1100,4,65536,3072,1,nd_y4u1w16,1,4,1,16,sml,0,576.78,698.1,2.40e-03
gfx1100,4,151936,3072,1,fp_y4u1w16,0,4,1,16,sml,1,1322.88,705.7,2.21e-03
gfx1100,4,151936,3072,1,nd_y4u1w16,1,4,1,16,sml,0,1318.69,707.9,2.21e-03
gfx1100,4,1024,4096,1,fp_y2u2w16,0,2,2,16,sml,1,18.56,452.0,2.21e-03
gfx1100,4,1024,4096,1,nd_y2u2w16,1,2,2,16,sml,0,18.37,456.7,2.21e-03
gfx1100,4,2048,4096,1,fp_y3u2w16,0,3,2,16,hf,1,27.98,599.5,2.21e-03
gfx1100,4,2048,4096,1,nd_y3u2w16,1,3,2,16,hf,0,27.36,613.2,2.21e-03
gfx1100,4,4096,4096,1,fp_y4u1w16,0,4,1,16,sml,1,49.88,672.7,2.22e-03
gfx1100,4,4096,4096,1,nd_y4u1w16,1,4,1,16,sml,0,49.65,675.8,2.22e-03
gfx1100,4,6144,4096,1,fp_y4u1w16,0,4,1,16,sml,1,76.62,656.9,2.01e-03
gfx1100,4,6144,4096,1,nd_y4u1w16,1,4,1,16,sml,0,76.39,658.9,2.01e-03
gfx1100,4,8192,4096,1,fp_y4u1w16,0,4,1,16,sml,1,99.90,671.8,2.01e-03
gfx1100,4,8192,4096,1,nd_y4u1w16,1,4,1,16,sml,0,99.30,675.8,2.01e-03
gfx1100,4,12288,4096,1,fp_y4u1w16,0,4,1,16,sml,1,144.69,695.7,2.01e-03
gfx1100,4,12288,4096,1,nd_y4u1w16,1,4,1,16,sml,0,144.16,698.3,2.01e-03
gfx1100,4,16384,4096,1,fp_y4u1w16,0,4,1,16,sml,1,190.42,704.8,2.01e-03
gfx1100,4,16384,4096,1,nd_y4u1w16,1,4,1,16,sml,0,189.55,708.1,2.01e-03
gfx1100,4,28672,4096,1,fp_y4u1w16,0,4,1,16,sml,1,325.96,720.6,3.03e-03
gfx1100,4,28672,4096,1,nd_y4u1w16,1,4,1,16,sml,0,324.70,723.4,3.03e-03
gfx1100,4,65536,4096,1,fp_y4u1w16,0,4,1,16,sml,1,750.90,715.0,3.00e-03
gfx1100,4,65536,4096,1,nd_y4u1w16,1,4,1,16,sml,0,746.16,719.5,3.00e-03
gfx1100,4,151936,4096,1,fp_y4u1w16,0,4,1,16,sml,1,1717.91,724.5,3.00e-03
gfx1100,4,151936,4096,1,nd_y4u1w16,1,4,1,16,sml,0,1708.68,728.4,3.00e-03
gfx1100,4,1024,5120,1,fp_y2u2w16,0,2,2,16,sml,1,22.70,461.9,2.13e-03
gfx1100,4,1024,5120,1,nd_y2u2w16,1,2,2,16,sml,0,22.50,466.1,2.13e-03
gfx1100,4,2048,5120,1,fp_y3u2w16,0,3,2,16,hf,1,34.64,605.5,2.16e-03
gfx1100,4,2048,5120,1,nd_y3u2w16,1,3,2,16,hf,0,34.04,616.1,2.16e-03
gfx1100,4,4096,5120,1,fp_y4u1w16,0,4,1,16,sml,1,63.49,660.7,2.15e-03
gfx1100,4,4096,5120,1,nd_y4u1w16,1,4,1,16,sml,0,63.19,663.8,2.15e-03
gfx1100,4,6144,5120,1,fp_y4u1w16,0,4,1,16,sml,1,96.46,652.2,2.03e-03
gfx1100,4,6144,5120,1,nd_y4u1w16,1,4,1,16,sml,0,96.17,654.2,2.03e-03
gfx1100,4,8192,5120,1,fp_y4u1w16,0,4,1,16,sml,1,126.07,665.4,2.03e-03
gfx1100,4,8192,5120,1,nd_y4u1w16,1,4,1,16,sml,0,125.61,667.8,2.03e-03
gfx1100,4,12288,5120,1,fp_y4u1w16,0,4,1,16,sml,1,183.78,684.7,2.03e-03
gfx1100,4,12288,5120,1,nd_y4u1w16,1,4,1,16,sml,0,183.50,685.7,2.03e-03
gfx1100,4,16384,5120,1,fp_y4u1w16,0,4,1,16,sml,1,242.78,691.1,2.03e-03
gfx1100,4,16384,5120,1,nd_y4u1w16,1,4,1,16,sml,0,242.11,693.0,2.03e-03
gfx1100,4,28672,5120,1,fp_y4u1w16,0,4,1,16,sml,1,417.50,703.2,2.03e-03
gfx1100,4,28672,5120,1,nd_y4u1w16,1,4,1,16,sml,0,416.65,704.7,2.03e-03
gfx1100,4,65536,5120,1,fp_y4u1w16,0,4,1,16,sml,1,955.82,702.1,2.41e-03
gfx1100,4,65536,5120,1,nd_y4u1w16,1,4,1,16,sml,0,952.97,704.2,2.41e-03
gfx1100,4,151936,5120,1,fp_y4u1w16,0,4,1,16,sml,1,2197.24,708.1,3.55e-03
gfx1100,4,151936,5120,1,nd_y4u1w16,1,4,1,16,sml,0,2190.14,710.4,3.55e-03
gfx1100,4,1024,6144,1,fp_y2u2w16,0,2,2,16,sml,1,26.37,477.1,1.85e-03
gfx1100,4,1024,6144,1,nd_y2u2w16,1,2,2,16,sml,0,26.16,480.9,1.85e-03
gfx1100,4,2048,6144,1,fp_y3u2w16,0,3,2,16,hf,1,40.36,623.5,3.35e-03
gfx1100,4,2048,6144,1,nd_y3u2w16,1,3,2,16,hf,0,39.94,630.0,3.35e-03
gfx1100,4,4096,6144,1,fp_y4u1w16,0,4,1,16,sml,1,79.29,634.8,3.35e-03
gfx1100,4,4096,6144,1,nd_y4u1w16,1,4,1,16,sml,0,78.97,637.3,3.35e-03
gfx1100,4,6144,6144,1,fp_y4u1w16,0,4,1,16,sml,1,114.09,661.8,3.41e-03
gfx1100,4,6144,6144,1,nd_y4u1w16,1,4,1,16,sml,0,113.83,663.2,3.41e-03
gfx1100,4,8192,6144,1,fp_y4u1w16,0,4,1,16,sml,1,149.63,672.8,3.41e-03
gfx1100,4,8192,6144,1,nd_y4u1w16,1,4,1,16,sml,0,148.97,675.7,3.41e-03
gfx1100,4,12288,6144,1,fp_y4u1w16,0,4,1,16,sml,1,218.92,689.7,3.41e-03
gfx1100,4,12288,6144,1,nd_y4u1w16,1,4,1,16,sml,0,218.53,690.9,3.41e-03
gfx1100,4,16384,6144,1,fp_y4u1w16,0,4,1,16,sml,1,289.55,695.3,3.41e-03
gfx1100,4,16384,6144,1,nd_y4u1w16,1,4,1,16,sml,0,288.77,697.2,3.41e-03
gfx1100,4,28672,6144,1,fp_y4u1w16,0,4,1,16,sml,1,498.32,707.0,3.16e-03
gfx1100,4,28672,6144,1,nd_y4u1w16,1,4,1,16,sml,0,497.39,708.3,3.16e-03
gfx1100,4,65536,6144,1,fp_y4u1w16,0,4,1,16,sml,1,1142.21,705.0,2.38e-03
gfx1100,4,65536,6144,1,nd_y4u1w16,1,4,1,16,sml,0,1137.91,707.7,2.38e-03
gfx1100,4,151936,6144,1,fp_y4u1w16,0,4,1,16,sml,1,2634.38,708.7,2.38e-03
gfx1100,4,151936,6144,1,nd_y4u1w16,1,4,1,16,sml,0,2624.95,711.2,2.38e-03
gfx1100,4,1024,8192,1,fp_y2u2w16,0,2,2,16,sml,1,33.35,503.1,1.54e-03
gfx1100,4,1024,8192,1,nd_y2u2w16,1,2,2,16,sml,0,33.05,507.6,1.54e-03
gfx1100,4,2048,8192,1,fp_y3u2w16,0,3,2,16,hf,1,52.22,642.6,2.18e-03
gfx1100,4,2048,8192,1,nd_y3u2w16,1,3,2,16,hf,0,51.66,649.6,2.18e-03
gfx1100,4,4096,8192,1,fp_y4u1w16,0,4,1,16,sml,1,102.73,653.3,2.18e-03
gfx1100,4,4096,8192,1,nd_y4u1w16,1,4,1,16,sml,0,102.28,656.1,2.18e-03
gfx1100,4,6144,8192,1,fp_y4u1w16,0,4,1,16,sml,1,149.27,674.4,2.77e-03
gfx1100,4,6144,8192,1,nd_y4u1w16,1,4,1,16,sml,0,148.83,676.4,2.77e-03
gfx1100,4,8192,8192,1,fp_y4u1w16,0,4,1,16,sml,1,196.26,683.9,2.77e-03
gfx1100,4,8192,8192,1,nd_y4u1w16,1,4,1,16,sml,0,195.56,686.3,2.77e-03
gfx1100,4,12288,8192,1,fp_y4u1w16,0,4,1,16,sml,1,289.03,696.6,2.77e-03
gfx1100,4,12288,8192,1,nd_y4u1w16,1,4,1,16,sml,0,288.30,698.3,2.77e-03
gfx1100,4,16384,8192,1,fp_y4u1w16,0,4,1,16,sml,1,382.57,701.7,2.77e-03
gfx1100,4,16384,8192,1,nd_y4u1w16,1,4,1,16,sml,0,381.58,703.5,2.77e-03
gfx1100,4,28672,8192,1,fp_y4u1w16,0,4,1,16,sml,1,669.71,701.4,2.71e-03
gfx1100,4,28672,8192,1,nd_y4u1w16,1,4,1,16,sml,0,668.25,703.0,2.71e-03
gfx1100,4,65536,8192,1,fp_y4u1w16,0,4,1,16,sml,1,1522.81,705.1,2.75e-03
gfx1100,4,65536,8192,1,nd_y4u1w16,1,4,1,16,sml,0,1514.20,709.1,2.75e-03
gfx1100,4,151936,8192,1,fp_y4u1w16,0,4,1,16,sml,1,3492.92,712.7,2.68e-03
gfx1100,4,151936,8192,1,nd_y4u1w16,1,4,1,16,sml,0,3483.76,714.6,2.68e-03
gfx1100,4,1024,12288,1,fp_y2u2w16,0,2,2,16,big,1,47.99,524.4,1.93e-03
gfx1100,4,1024,12288,1,nd_y2u2w16,1,2,2,16,big,0,47.71,527.4,1.93e-03
gfx1100,4,2048,12288,1,fp_y2u2w16,0,2,2,16,big,1,78.95,637.6,1.94e-03
gfx1100,4,2048,12288,1,nd_y2u2w16,1,2,2,16,big,0,78.50,641.2,1.94e-03
gfx1100,4,4096,12288,1,fp_y2u2w16,0,2,2,16,big,1,148.10,679.7,1.94e-03
gfx1100,4,4096,12288,1,nd_y2u2w16,1,2,2,16,big,0,147.49,682.5,1.94e-03
gfx1100,4,6144,12288,1,fp_y2u2w16,0,2,2,16,big,1,216.66,696.9,1.94e-03
gfx1100,4,6144,12288,1,nd_y2u2w16,1,2,2,16,big,0,216.19,698.4,1.94e-03
gfx1100,4,8192,12288,1,fp_y2u2w16,0,2,2,16,big,1,285.86,704.3,1.94e-03
gfx1100,4,8192,12288,1,nd_y2u2w16,1,2,2,16,big,0,285.26,705.8,1.94e-03
gfx1100,4,12288,12288,1,fp_y2u2w16,0,2,2,16,big,1,423.24,713.5,1.95e-03
gfx1100,4,12288,12288,1,nd_y2u2w16,1,2,2,16,big,0,422.60,714.6,1.95e-03
gfx1100,4,16384,12288,1,fp_y2u2w16,0,2,2,16,big,1,570.68,705.6,1.95e-03
gfx1100,4,16384,12288,1,nd_y2u2w16,1,2,2,16,big,0,569.42,707.1,1.95e-03
gfx1100,4,28672,12288,1,fp_y2u2w16,0,2,2,16,big,1,985.49,715.0,1.95e-03
gfx1100,4,28672,12288,1,nd_y2u2w16,1,2,2,16,big,0,983.31,716.6,1.95e-03
gfx1100,4,65536,12288,1,fp_y2u2w16,0,2,2,16,big,1,2230.54,722.1,1.95e-03
gfx1100,4,65536,12288,1,nd_y2u2w16,1,2,2,16,big,0,2226.99,723.2,1.95e-03
gfx1100,4,1024,14336,1,fp_y2u2w16,0,2,2,16,big,1,55.32,530.7,1.81e-03
gfx1100,4,1024,14336,1,nd_y2u2w16,1,2,2,16,big,0,53.85,545.2,1.81e-03
gfx1100,4,2048,14336,1,fp_y2u2w16,0,2,2,16,big,1,91.05,644.9,1.81e-03
gfx1100,4,2048,14336,1,nd_y2u2w16,1,2,2,16,big,0,90.59,648.2,1.81e-03
gfx1100,4,4096,14336,1,fp_y2u2w16,0,2,2,16,big,1,172.26,681.8,1.81e-03
gfx1100,4,4096,14336,1,nd_y2u2w16,1,2,2,16,big,0,171.33,685.5,1.81e-03
gfx1100,4,6144,14336,1,fp_y2u2w16,0,2,2,16,big,1,251.72,699.8,1.81e-03
gfx1100,4,6144,14336,1,nd_y2u2w16,1,2,2,16,big,0,251.05,701.7,1.81e-03
gfx1100,4,8192,14336,1,fp_y2u2w16,0,2,2,16,big,1,333.10,705.1,1.81e-03
gfx1100,4,8192,14336,1,nd_y2u2w16,1,2,2,16,big,0,332.26,706.9,1.81e-03
gfx1100,4,12288,14336,1,fp_y2u2w16,0,2,2,16,big,1,492.93,714.8,1.81e-03
gfx1100,4,12288,14336,1,nd_y2u2w16,1,2,2,16,big,0,492.42,715.5,1.81e-03
gfx1100,4,16384,14336,1,fp_y2u2w16,0,2,2,16,big,1,663.79,707.7,1.81e-03
gfx1100,4,16384,14336,1,nd_y2u2w16,1,2,2,16,big,0,662.31,709.3,1.81e-03
gfx1100,4,28672,14336,1,fp_y2u2w16,0,2,2,16,big,1,1147.30,716.5,1.81e-03
gfx1100,4,28672,14336,1,nd_y2u2w16,1,2,2,16,big,0,1146.07,717.3,1.81e-03
gfx1100,4,65536,14336,1,fp_y2u2w16,0,2,2,16,big,1,2600.38,722.6,1.81e-03
gfx1100,4,65536,14336,1,nd_y2u2w16,1,2,2,16,big,0,2596.68,723.6,1.81e-03
gfx1100,4,1024,16384,1,fp_y2u2w16,0,2,2,16,big,1,62.27,538.9,1.35e-03
gfx1100,4,1024,16384,1,nd_y2u2w16,1,2,2,16,big,0,61.86,542.4,1.35e-03
gfx1100,4,2048,16384,1,fp_y2u2w16,0,2,2,16,big,1,102.42,655.2,1.35e-03
gfx1100,4,2048,16384,1,nd_y2u2w16,1,2,2,16,big,0,101.92,658.5,1.35e-03
gfx1100,4,4096,16384,1,fp_y2u2w16,0,2,2,16,big,1,194.91,688.6,1.36e-03
gfx1100,4,4096,16384,1,nd_y2u2w16,1,2,2,16,big,0,194.13,691.4,1.36e-03
gfx1100,4,6144,16384,1,fp_y2u2w16,0,2,2,16,big,1,285.81,704.4,1.36e-03
gfx1100,4,6144,16384,1,nd_y2u2w16,1,2,2,16,big,0,285.19,705.9,1.36e-03
gfx1100,4,8192,16384,1,fp_y2u2w16,0,2,2,16,big,1,378.96,708.3,1.36e-03
gfx1100,4,8192,16384,1,nd_y2u2w16,1,2,2,16,big,0,377.80,710.5,1.36e-03
gfx1100,4,12288,16384,1,fp_y2u2w16,0,2,2,16,big,1,569.97,706.4,2.63e-03
gfx1100,4,12288,16384,1,nd_y2u2w16,1,2,2,16,big,0,569.32,707.3,2.63e-03
gfx1100,4,16384,16384,1,fp_y2u2w16,0,2,2,16,big,1,754.15,711.9,2.63e-03
gfx1100,4,16384,16384,1,nd_y2u2w16,1,2,2,16,big,0,753.10,712.9,2.63e-03
gfx1100,4,28672,16384,1,fp_y2u2w16,0,2,2,16,big,1,1305.07,719.9,2.63e-03
gfx1100,4,28672,16384,1,nd_y2u2w16,1,2,2,16,big,0,1303.55,720.7,2.63e-03
gfx1100,4,65536,16384,1,fp_y2u2w16,0,2,2,16,big,1,2959.28,725.7,2.63e-03
gfx1100,4,65536,16384,1,nd_y2u2w16,1,2,2,16,big,0,2956.87,726.3,2.63e-03
